-1,-1,-1,-1,-1,-1,-1,-1,-1,-1,-1,-1,-1,-1,-1,-1,-1,-1,-1,-1,-1,-1,-1,-1,-1,-1,-1,-1,-1,-1,-1,-1,-1,-1,-1,-1,-1,-1,-1,-1,-1,-1,-1,-1,-1,-1,-1,-1,-1,-1,-1,-1,-1,-1,-1,-1,-1,-1,-1,-1,-1,-1,-1,-1,-1,-1,-1,-1,-1,-1,-1,-1,-1,-1,-1,-1,-1,-1,-1,-1,-1,-1,-1,-1,-1,-1,-1,-1,-1,-1,-1,-1,-1,-1,-1,-1,-1,-1,-1,-1,-1,-1,-1,-1,-1,-1,-1,-1,-1,-1,-1,-1,-1,-1,-1,-1,-1,-1,-1,-1,-1,-1,-1,-1,-1,-1,-1,-1,-1,-1,-1,-1,-1,-1,-1,-1,-1,-1,-1,-1,-1,-1,-1,-1,-1,-1,-1,-1,-1,-1
-1,-1,-1,-1,-1,-1,-1,-1,-1,-1,-1,-1,-1,-1,-1,-1,-1,-1,19,14,14,16,-1,-1,-1,-1,-1,-1,-1,19,-1,16,-1,-1,-1,13,-1,-1,-1,-1,-1,-1,-1,-1,-1,-1,18,14,14,14,16,14,16,14,16,-1,11,-1,13,-1,11,-1,13,-1,11,-1,13,-1,-1,-1,-1,-1,-1,-1,-1,-1,-1,-1,-1,-1,-1,-1,-1,-1,-1,-1,-1,-1,-1,-1,-1,-1,-1,-1,-1,-1,-1,-1,-1,-1,-1,-1,-1,-1,-1,-1,-1,-1,-1,-1,-1,-1,-1,-1,-1,-1,-1,-1,-1,-1,-1,-1,-1,-1,-1,-1,-1,-1,-1,-1,-1,-1,-1,-1,-1,-1,-1,-1,-1,-1,-1,-1,-1,-1,-1,-1,-1,-1,-1,-1
-1,-1,-1,-1,-1,-1,-1,-1,-1,-1,-1,-1,-1,-1,-1,-1,0,-1,0,0,0,0,0,0,-1,0,0,0,-1,0,0,0,-1,-1,0,0,-1,-1,-1,14,14,17,16,16,14,14,0,0,0,0,0,0,0,0,0,-1,0,-1,0,-1,0,-1,0,-1,0,-1,0,0,0,-1,-1,-1,-1,-1,-1,-1,-1,-1,-1,-1,-1,-1,-1,-1,-1,-1,-1,-1,-1,-1,-1,-1,-1,-1,-1,-1,-1,-1,-1,-1,-1,-1,-1,-1,-1,-1,-1,-1,-1,-1,-1,-1,-1,-1,-1,-1,-1,-1,-1,-1,-1,-1,-1,-1,-1,-1,-1,-1,-1,-1,-1,-1,-1,-1,-1,-1,-1,-1,-1,-1,-1,-1,-1,-1,-1,-1,-1,-1,-1,-1
-1,-1,-1,-1,-1,-1,-1,-1,-1,-1,-1,-1,14,14,16,0,4,-1,-1,-1,-1,-1,-1,-1,-1,-1,-1,-1,-1,-1,-1,-1,-1,-1,-1,4,0,-1,-1,0,0,0,0,0,0,0,4,-1,-1,-1,-1,-1,-1,-1,-1,-1,-1,-1,-1,-1,-1,-1,-1,-1,-1,-1,-1,-1,-1,-1,-1,-1,-1,-1,-1,-1,-1,-1,-1,-1,-1,-1,-1,-1,-1,-1,-1,-1,-1,-1,-1,-1,-1,-1,-1,-1,-1,-1,-1,-1,-1,-1,-1,-1,-1,-1,-1,-1,-1,-1,-1,-1,-1,-1,-1,-1,-1,-1,-1,-1,-1,-1,-1,-1,-1,-1,-1,-1,-1,-1,-1,-1,-1,-1,-1,-1,-1,-1,-1,-1,-1,-1,-1,-1,-1,-1,-1,-1,-1,-1
-1,-1,-1,-1,-1,-1,-1,-1,-1,14,0,-1,0,0,0,4,-1,-1,-1,-1,-1,-1,-1,-1,-1,-1,16,17,-1,-1,-1,-1,-1,-1,-1,-1,-1,-1,-1,-1,-1,-1,-1,-1,-1,-1,-1,-1,-1,-1,-1,-1,12,14,16,-1,-1,-1,-1,-1,-1,-1,-1,-1,16,19,-1,-1,-1,-1,-1,0,-1,-1,0,-1,-1,-1,-1,-1,-1,-1,-1,-1,-1,-1,-1,-1,-1,-1,-1,-1,-1,-1,-1,-1,-1,-1,-1,-1,-1,-1,-1,-1,-1,-1,-1,-1,-1,-1,-1,-1,-1,-1,-1,-1,-1,-1,-1,-1,-1,-1,-1,-1,-1,-1,-1,-1,-1,-1,-1,-1,-1,-1,-1,-1,-1,-1,-1,-1,-1,-1,-1,-1,-1,-1,-1,-1,-1,-1
-1,-1,-1,-1,-1,-1,-1,-1,14,0,4,-1,-1,-1,-1,-1,-1,-1,-1,-1,-1,16,-1,19,-1,7,7,7,-1,-1,-1,-1,-1,-1,14,12,14,-1,-1,14,14,18,16,16,-1,-1,-1,-1,-1,-1,12,14,0,0,0,0,0,0,16,-1,-1,-1,17,0,0,0,-1,0,-1,0,-1,-1,-1,-1,-1,-1,-1,-1,-1,-1,-1,-1,-1,-1,-1,-1,-1,-1,-1,-1,-1,-1,-1,-1,-1,-1,-1,-1,-1,-1,-1,-1,-1,-1,-1,-1,-1,-1,-1,-1,-1,-1,-1,-1,-1,-1,-1,-1,-1,-1,-1,-1,-1,-1,-1,-1,-1,-1,-1,-1,-1,-1,-1,-1,-1,-1,-1,-1,-1,-1,-1,-1,-1,-1,-1,-1,-1,-1,-1,-1
-1,-1,-1,-1,-1,-1,-1,14,0,4,-1,-1,17,14,14,14,16,0,0,-1,0,0,0,0,-1,-1,-1,-1,-1,12,-1,0,-1,-1,0,0,0,-1,-1,0,0,0,0,0,-1,-1,14,14,19,14,0,0,4,-1,-1,-1,-1,4,0,0,0,12,0,4,-1,-1,-1,-1,-1,-1,-1,-1,-1,-1,-1,-1,-1,-1,-1,-1,-1,-1,-1,-1,-1,-1,-1,-1,-1,-1,-1,-1,-1,-1,-1,-1,-1,-1,-1,-1,-1,-1,-1,-1,-1,-1,-1,-1,-1,-1,-1,-1,-1,-1,-1,-1,-1,-1,-1,-1,-1,-1,-1,-1,-1,-1,-1,-1,-1,-1,-1,-1,-1,-1,-1,-1,-1,-1,-1,-1,-1,-1,-1,-1,-1,-1,-1,-1,-1,-1
14,15,14,14,12,14,14,0,4,-1,-1,-1,0,0,0,0,0,4,-1,-1,-1,-1,-1,-1,-1,-1,-1,-1,-1,0,0,4,-1,-1,-1,-1,-1,-1,-1,-1,-1,-1,-1,-1,-1,-1,6,7,7,0,4,-1,-1,-1,-1,-1,-1,-1,-1,-1,4,0,4,-1,-1,-1,-1,-1,-1,-1,-1,0,-1,-1,0,-1,-1,-1,-1,-1,-1,-1,-1,-1,-1,-1,-1,-1,-1,-1,-1,-1,-1,-1,-1,-1,-1,-1,-1,-1,-1,-1,-1,-1,-1,-1,-1,-1,-1,-1,14,16,-1,14,-1,-1,-1,-1,-1,-1,-1,-1,-1,-1,-1,-1,-1,-1,-1,-1,-1,-1,-1,-1,-1,-1,-1,-1,-1,-1,-1,-1,-1,-1,-1,-1,-1,-1,20,13
0,0,0,0,0,0,0,4,-1,-1,-1,-1,-1,-1,-1,-1,-1,-1,-1,-1,-1,-1,-1,-1,-1,-1,-1,17,0,4,-1,-1,-1,-1,-1,-1,-1,-1,-1,16,14,12,14,16,-1,-1,-1,-1,-1,-1,-1,-1,-1,-1,-1,-1,-1,-1,-1,-1,-1,-1,-1,-1,-1,-1,-1,-1,-1,-1,-1,-1,-1,-1,-1,-1,-1,-1,-1,-1,-1,-1,-1,-1,-1,-1,-1,-1,-1,-1,-1,-1,-1,-1,-1,-1,-1,-1,-1,-1,-1,-1,-1,19,12,-1,-1,-1,-1,7,7,7,7,8,-1,-1,-1,-1,-1,-1,-1,-1,-1,-1,-1,-1,-1,-1,-1,-1,-1,-1,-1,-1,-1,-1,-1,-1,-1,-1,-1,-1,-1,-1,-1,14,-1,6,7,8
17,-1,-1,-1,-1,-1,-1,-1,-1,-1,19,17,14,14,14,16,-1,-1,-1,-1,-1,-1,-1,-1,-1,-1,-1,0,4,-1,-1,-1,-1,-1,14,17,14,-1,-1,6,7,7,7,8,-1,-1,12,14,16,-1,-1,-1,-1,13,-1,0,-1,17,-1,-1,-1,-1,-1,-1,-1,16,14,18,-1,13,-1,-1,-1,-1,-1,-1,-1,-1,-1,-1,-1,-1,-1,-1,-1,14,16,-1,-1,-1,-1,-1,-1,-1,-1,-1,-1,-1,-1,-1,14,-1,13,1,0,2,-1,-1,-1,-1,-1,-1,-1,-1,-1,-1,-1,-1,-1,-1,-1,-1,-1,-1,-1,-1,-1,-1,-1,-1,-1,-1,-1,-1,-1,-1,-1,-1,-1,-1,-1,-1,-1,14,-1,7,-1,-1,-1,-1
19,16,16,16,16,16,11,14,11,14,0,0,0,0,0,0,-1,-1,14,19,14,16,14,13,16,0,0,4,-1,-1,-1,14,-1,-1,1,0,2,-1,-1,-1,-1,-1,-1,-1,-1,14,0,0,0,-1,-1,-1,-1,2,9,3,9,1,-1,-1,-1,-1,-1,-1,9,1,0,0,0,2,-1,0,-1,-1,0,-1,-1,-1,-1,-1,-1,-1,-1,-1,1,0,0,0,2,-1,-1,-1,-1,-1,-1,-1,-1,-1,-1,14,1,0,0,4,4,5,-1,-1,-1,-1,-1,-1,-1,-1,-1,-1,7,-1,-1,-1,-1,-1,-1,-1,-1,-1,-1,-1,-1,-1,-1,-1,-1,-1,-1,-1,-1,-1,-1,-1,13,-1,-1,7,-1,-1,-1,-1,-1,-1
0,0,0,0,0,0,0,0,0,0,4,-1,-1,-1,-1,-1,-1,-1,1,7,7,7,7,7,0,4,-1,-1,-1,13,-1,0,-1,-1,3,4,5,16,14,14,-1,-1,14,14,16,0,4,-1,-1,-1,-1,19,-1,5,10,3,10,3,-1,-1,-1,-1,-1,2,10,3,4,4,4,5,9,9,9,9,9,9,9,9,9,9,9,9,9,9,3,4,4,4,5,-1,-1,-1,-1,-1,14,14,13,-1,-1,1,4,4,4,4,4,5,-1,-1,-1,-1,-1,-1,-1,-1,14,-1,-1,-1,18,-1,-1,-1,-1,-1,-1,-1,-1,-1,-1,-1,-1,-1,-1,-1,-1,-1,-1,-1,-1,6,7,8,-1,-1,-1,-1,-1,-1,-1,-1
-1,-1,-1,-1,-1,-1,-1,-1,-1,-1,-1,-1,-1,-1,-1,-1,-1,-1,-1,-1,-1,-1,-1,-1,-1,-1,-1,17,14,1,0,5,9,9,3,4,5,0,0,0,-1,-1,0,0,0,4,-1,-1,-1,13,-1,2,9,5,10,3,10,3,9,0,-1,13,9,5,10,3,4,4,4,5,10,10,10,10,10,10,10,10,10,10,10,10,10,10,3,4,4,4,4,2,-1,-1,-1,6,7,7,8,-1,-1,3,4,4,4,4,4,5,-1,-1,-1,13,14,14,11,-1,7,-1,-1,-1,7,-1,-1,-1,-1,-1,-1,-1,-1,-1,-1,-1,-1,-1,-1,11,1,2,-1,-1,-1,-1,-1,-1,-1,-1,-1,-1,-1,-1,-1,-1
19,-1,18,-1,17,-1,-1,-1,-1,-1,-1,-1,11,1,0,2,19,-1,-1,-1,-1,-1,-1,-1,-1,-1,-1,1,0,4,4,5,10,10,3,4,5,17,-1,-1,-1,-1,-1,-1,-1,-1,-1,-1,-1,2,9,3,10,5,10,3,10,3,10,3,9,0,10,5,10,3,4,4,4,5,10,10,10,10,10,10,10,10,10,10,10,10,10,10,3,4,4,4,4,5,-1,-1,-1,-1,-1,-1,-1,-1,-1,3,4,4,4,4,4,5,-1,-1,6,7,7,7,8,-1,-1,-1,-1,-1,-1,-1,-1,-1,13,-1,16,14,12,-1,11,14,-1,1,0,0,4,5,9,9,9,9,9,9,9,9,9,9,9,9,9,9
7,-1,7,-1,7,-1,0,18,14,13,14,1,0,4,4,4,2,16,-1,-1,14,16,11,14,14,18,1,4,4,4,4,5,10,10,3,4,5,19,18,14,14,14,16,14,16,14,16,2,9,3,10,3,10,5,10,3,10,3,10,3,10,3,10,5,10,3,4,4,4,5,10,10,10,10,10,10,10,10,10,10,10,10,10,10,3,4,4,4,4,5,9,9,9,9,9,9,9,9,9,3,4,4,4,4,4,5,9,9,9,9,9,9,9,9,9,9,9,9,9,9,9,1,0,0,0,0,0,0,0,0,0,4,4,4,4,5,10,10,10,10,10,10,10,10,10,10,10,10,10,-1
9,9,9,9,9,9,3,0,0,0,0,4,4,4,4,4,4,0,0,0,0,0,0,0,0,0,4,4,4,4,4,4,4,4,4,4,4,0,0,0,0,0,0,0,0,0,0,5,10,3,10,3,10,5,10,3,10,3,10,3,10,3,10,5,10,3,4,4,4,5,10,10,10,10,10,10,10,10,10,10,10,10,10,10,3,4,4,4,4,5,10,10,10,10,10,10,10,10,10,3,4,4,4,4,4,5,10,10,10,10,10,10,10,10,10,10,10,10,10,10,10,3,4,4,4,4,4,4,4,4,4,4,4,4,4,5,10,10,10,10,10,10,10,10,10,10,10,10,10,-1
